{
  "title": "Settings",
  "uri": "/mqtt_setting",
  "menu": true,
  "auth": "digest",
  "element": [
    {
      "name": "style",
      "type": "ACStyle",
      "value": "label+input,label+select{position:sticky;left:120px;width:230px!important;box-sizing:border-box;}"
    },
    {
      "name": "header",
      "type": "ACText",
      "value": "<h2>System Settings</h2>",
      "style": "text-align:center;color:#2f4f4f;"
    },
    {
      "name": "caption",
      "type": "ACText",
      "value": "MQTT and Other Settings",
      "style": "font-family:serif;color:#4682b4;"
    },
    {
      "name": "mqttserver",
      "type": "ACInput",
      "value": "mqtt.thingspeak.com",
      "placeholder": "MQTT broker server",
      "label": "MQTT Server"
    },
    {
      "name": "userkey",
      "type": "ACInput",
      "value": "",
      "label": "MQTT Username"
    },
    {
      "name": "apikey",
      "type": "ACInput",
      "value": "",
      "label": "MQTT Password"
    },
    {
      "name": "channelid",
      "type": "ACInput",
      "value": "",
      "label": "Channel ID"
    },
    {
      "name": "newline2",
      "type": "ACElement",
      "value": "<hr>"
    },
    {
      "name": "ticker",
      "type": "ACInput",
      "value": "BTC",
      "label": "Crypto Name"
    },
    {
      "name": "newline",
      "type": "ACElement",
      "value": "<hr>"
    },
    {
      "name": "hostname",
      "type": "ACInput",
      "label": "ESP hostname(Device & AP Name)",
      "value": "CPT"
    },
    {
      "name": "apPass",
      "type": "ACInput",
      "label": "ESP AP Password",
      "value": "123456789AP"
    },
    {
      "name": "settingsPass",
      "type": "ACInput",
      "label": "Settings Page Password",
      "value": "admin"
    },
    {
      "name": "save",
      "type": "ACSubmit",
      "value": "Save&Start",
      "uri": "/mqtt_save"
    },
    {
      "name": "discard",
      "type": "ACSubmit",
      "value": "Discard",
      "uri": "/"
    }
  ]
}
